filename,value
id_10_value_150_954.jpg,150.954
id_11_value_431_932.jpg,431.932
id_12_value_414_676.jpg,414.676
id_13_value_21_789.jpg,21.789
id_14_value_14_954.jpg,14.954
id_15_value_1271_072.jpg,1271.072
id_17_value_59_034.jpg,59.034
id_18_value_137_994.jpg,137.994
id_19_value_198_521.jpg,198.521
id_1_value_13_116.jpg,13.116
id_20_value_191_506.jpg,191.506
id_21_value_447_676.jpg,447.676
id_22_value_241_801.jpg,241.801
id_23_value_203_248.jpg,203.248
id_25_value_328_484.jpg,328.484
id_27_value_140_738.jpg,140.738
id_28_value_81_998.jpg,81.998
id_2_value_495_341.jpg,495.341
id_30_value_259_681.jpg,259.681
id_31_value_385_93.jpg,385.93
id_32_value_174_115.jpg,174.115
id_33_value_169_387.jpg,169.387
id_34_value_635_498.jpg,635.498
id_37_value_140_301.jpg,140.301
id_38_value_299_131.jpg,299.131
id_39_value_205_803.jpg,205.803
id_3_value_366_885.jpg,366.885
id_40_value_158_359.jpg,158.359
id_41_value_374_91.jpg,374.91
id_43_value_123_689.jpg,123.689
id_44_value_244_743.jpg,244.743
id_45_value_215_0.jpg,215.0
id_47_value_301_107.jpg,301.107
id_48_value_88_795.jpg,88.795
id_49_value_7_086.jpg,7.086
id_4_value_352_676.jpg,352.676
id_50_value_37_106.jpg,37.106
id_51_value_93_534.jpg,93.534
id_53_value_595_825.jpg,595.825
id_54_value_47_734.jpg,47.734
id_55_value_51_278.jpg,51.278
id_56_value_105_638.jpg,105.638
id_57_value_787_236.jpg,787.236
id_59_value_58_235.jpg,58.235
id_60_value_258_756.jpg,258.756
id_61_value_19_151.jpg,19.151
id_65_value_210_959.jpg,210.959
id_66_value_523_223.jpg,523.223
id_67_value_20_205.jpg,20.205
id_68_value_150_454.jpg,150.454
id_69_value_703_334.jpg,703.334
id_6_value_345_442.jpg,345.442
id_70_value_37_723.jpg,37.723
id_71_value_90_216.jpg,90.216
id_72_value_132_107.jpg,132.107
id_75_value_245_437.jpg,245.437
id_76_value_916_447.jpg,916.447
id_77_value_665_0.jpg,665.0
id_79_value_101_981.jpg,101.981
id_7_value_405_178.jpg,405.178
id_80_value_0_112.jpg,0.112
id_84_value_267_619.jpg,267.619
id_87_value_374_66.jpg,374.66
id_88_value_168_625.jpg,168.625
id_89_value_514_352.jpg,514.352
id_91_value_40_736.jpg,40.736
id_94_value_93_518.jpg,93.518
id_96_value_353_0.jpg,353.0
id_97_value_368_218.jpg,368.218
id_98_value_304_465.jpg,304.465
id_9_value_18_724.jpg,18.724
id_100_value_51_256.jpg,51.256
id_102_value_351_091.jpg,351.091
id_103_value_334_42.jpg,334.42
id_104_value_322_032.jpg,322.032
id_106_value_758_407.jpg,758.407
id_107_value_124_374.jpg,124.374
id_109_value_427_194.jpg,427.194
id_111_value_93_085.jpg,93.085
id_112_value_365_387.jpg,365.387
id_113_value_330_374.jpg,330.374
id_115_value_157_895.jpg,157.895
id_116_value_56_516.jpg,56.516
id_117_value_32_579.jpg,32.579
id_118_value_49_875.jpg,49.875
id_119_value_37_902.jpg,37.902
id_120_value_100_536.jpg,100.536
id_122_value_245_765.jpg,245.765
id_123_value_337_294.jpg,337.294
id_124_value_305_094.jpg,305.094
id_125_value_46_15.jpg,46.15
id_126_value_769_703.jpg,769.703
id_128_value_62_127.jpg,62.127
id_132_value_44_407.jpg,44.407
id_133_value_2531_108.jpg,2531.108
id_134_value_243_441.jpg,243.441
id_135_value_127_529.jpg,127.529
id_136_value_213_785.jpg,213.785
id_137_value_141_737.jpg,141.737
id_139_value_58_809.jpg,58.809
id_143_value_41_828.jpg,41.828
id_144_value_931_045.jpg,931.045
id_145_value_78_757.jpg,78.757
id_146_value_74_626.jpg,74.626
id_147_value_7_864.jpg,7.864
id_149_value_160_531.jpg,160.531
id_151_value_830_921.jpg,830.921
id_152_value_575_389.jpg,575.389
id_153_value_139_457.jpg,139.457
id_154_value_498_982.jpg,498.982
id_156_value_221_056.jpg,221.056
id_157_value_96_483.jpg,96.483
id_158_value_268_775.jpg,268.775
id_160_value_191_005.jpg,191.005
id_162_value_36_022.jpg,36.022
id_163_value_741_337.jpg,741.337
id_164_value_287_188.jpg,287.188
id_165_value_144_111.jpg,144.111
id_166_value_778_329.jpg,778.329
id_167_value_2_299.jpg,2.299
id_173_value_453_351.jpg,453.351
id_174_value_680_443.jpg,680.443
id_177_value_1050_259.jpg,1050.259
id_178_value_199_668.jpg,199.668
id_180_value_233_116.jpg,233.116
id_181_value_255_435.jpg,255.435
id_182_value_542_723.jpg,542.723
id_185_value_177_586.jpg,177.586
id_186_value_204_875.jpg,204.875
id_187_value_25_425.jpg,25.425
id_188_value_81_853.jpg,81.853
id_189_value_42_268.jpg,42.268
id_190_value_233_256.jpg,233.256
id_191_value_113_266.jpg,113.266
id_194_value_153_434.jpg,153.434
id_196_value_464_667.jpg,464.667
id_197_value_146_078.jpg,146.078
id_198_value_161_557.jpg,161.557
id_199_value_68_163.jpg,68.163
id_202_value_493_084.jpg,493.084
id_203_value_154_089.jpg,154.089
id_204_value_577_044.jpg,577.044
id_205_value_88_449.jpg,88.449
id_206_value_219_63.jpg,219.63
id_207_value_147_169.jpg,147.169
id_208_value_48_223.jpg,48.223
id_211_value_165_954.jpg,165.954
id_213_value_79_756.jpg,79.756
id_215_value_322_479.jpg,322.479
id_217_value_865_65.jpg,865.65
id_220_value_366_68.jpg,366.68
id_221_value_227_621.jpg,227.621
id_224_value_144_663.jpg,144.663
id_225_value_957_703.jpg,957.703
id_227_value_233_869.jpg,233.869
id_228_value_271_697.jpg,271.697
id_233_value_370_276.jpg,370.276
id_234_value_501_0.jpg,501.0
id_236_value_136_123.jpg,136.123
id_237_value_15_381.jpg,15.381
id_238_value_303_557.jpg,303.557
id_239_value_50_868.jpg,50.868
id_240_value_487_135.jpg,487.135
id_241_value_62_567.jpg,62.567
id_242_value_0_715.jpg,0.715
id_243_value_41_197.jpg,41.197
id_244_value_170_503.jpg,170.503
id_245_value_318_326.jpg,318.326
id_247_value_795_861.jpg,795.861
id_249_value_706_0.jpg,706.0
id_250_value_182_897.jpg,182.897
id_253_value_309_887.jpg,309.887
id_254_value_386_38.jpg,386.38
id_256_value_511_562.jpg,511.562
id_257_value_183_387.jpg,183.387
id_260_value_120_115.jpg,120.115
id_261_value_80_19.jpg,80.19
id_262_value_409_011.jpg,409.011
id_263_value_87_006.jpg,87.006
id_264_value_104_406.jpg,104.406
id_265_value_211_872.jpg,211.872
id_267_value_428_119.jpg,428.119
id_268_value_192_841.jpg,192.841
id_269_value_191_927.jpg,191.927
id_271_value_176_263.jpg,176.263
id_272_value_342_37.jpg,342.37
id_273_value_69_605.jpg,69.605
id_275_value_163_713.jpg,163.713
id_276_value_293_401.jpg,293.401
id_277_value_147_577.jpg,147.577
id_278_value_15_208.jpg,15.208
id_279_value_259_766.jpg,259.766
id_280_value_99_692.jpg,99.692
id_281_value_117_878.jpg,117.878
id_284_value_351_167.jpg,351.167
id_286_value_90_306.jpg,90.306
id_287_value_110_818.jpg,110.818
id_288_value_49_28.jpg,49.28
id_290_value_156_423.jpg,156.423
id_292_value_321_827.jpg,321.827
id_293_value_705_233.jpg,705.233
id_294_value_57_097.jpg,57.097
id_295_value_337_925.jpg,337.925
id_296_value_85_751.jpg,85.751
id_297_value_0_054.jpg,0.054
id_298_value_196_086.jpg,196.086
id_299_value_16_551.jpg,16.551
id_300_value_402_991.jpg,402.991
id_302_value_490_858.jpg,490.858
id_308_value_70_94.jpg,70.94
id_309_value_976_451.jpg,976.451
id_310_value_68_054.jpg,68.054
id_311_value_363_805.jpg,363.805
id_312_value_138_228.jpg,138.228
id_313_value_157_905.jpg,157.905
id_314_value_168_654.jpg,168.654
id_315_value_195_419.jpg,195.419
id_318_value_225_584.jpg,225.584
id_320_value_293_281.jpg,293.281
id_321_value_83_943.jpg,83.943
id_322_value_151_065.jpg,151.065
id_324_value_793_0.jpg,793.0
id_325_value_182_686.jpg,182.686
id_327_value_32_253.jpg,32.253
id_328_value_842_787.jpg,842.787
id_330_value_18_622.jpg,18.622
id_331_value_401_774.jpg,401.774
id_332_value_453_118.jpg,453.118
id_333_value_849_037.jpg,849.037
id_335_value_378_547.jpg,378.547
id_336_value_166_604.jpg,166.604
id_337_value_336_082.jpg,336.082
id_338_value_781_517.jpg,781.517
id_339_value_182_635.jpg,182.635
id_342_value_160_019.jpg,160.019
id_343_value_45_695.jpg,45.695
id_344_value_485_179.jpg,485.179
id_345_value_54_313.jpg,54.313
id_346_value_177_673.jpg,177.673
id_348_value_43_132.jpg,43.132
id_349_value_18_748.jpg,18.748
id_352_value_214_331.jpg,214.331
id_354_value_362_477.jpg,362.477
id_355_value_165_941.jpg,165.941
id_358_value_358_003.jpg,358.003
id_359_value_257_642.jpg,257.642
id_360_value_35_832.jpg,35.832
id_362_value_2_674.jpg,2.674
id_365_value_214_61.jpg,214.61
id_366_value_26_999.jpg,26.999
id_367_value_99_013.jpg,99.013
id_368_value_118_369.jpg,118.369
id_369_value_14_509.jpg,14.509
id_370_value_832_134.jpg,832.134
id_372_value_71_374.jpg,71.374
id_373_value_277_517.jpg,277.517
id_374_value_141_027.jpg,141.027
id_376_value_309_585.jpg,309.585
id_377_value_512_484.jpg,512.484
id_378_value_303_412.jpg,303.412
id_380_value_90_659.jpg,90.659
id_381_value_1975_496.jpg,1975.496
id_383_value_49_098.jpg,49.098
id_384_value_216_265.jpg,216.265
id_385_value_156_613.jpg,156.613
id_386_value_563_182.jpg,563.182
id_388_value_14_678.jpg,14.678
id_389_value_0_088.jpg,0.088
id_391_value_129_868.jpg,129.868
id_393_value_376_319.jpg,376.319
id_394_value_565_179.jpg,565.179
id_395_value_117_471.jpg,117.471
id_396_value_228_944.jpg,228.944
id_397_value_139_462.jpg,139.462
id_398_value_8_898.jpg,8.898
id_399_value_314_514.jpg,314.514
id_400_value_234_306.jpg,234.306
id_401_value_36_626.jpg,36.626
id_402_value_1626_651.jpg,1626.651
id_403_value_553_037.jpg,553.037
id_404_value_231_743.jpg,231.743
id_406_value_111_977.jpg,111.977
id_409_value_788_207.jpg,788.207
id_410_value_214_463.jpg,214.463
id_412_value_179_759.jpg,179.759
id_413_value_561_627.jpg,561.627
id_414_value_20_087.jpg,20.087
id_415_value_262_0.jpg,262.0
id_416_value_115_431.jpg,115.431
id_417_value_180_068.jpg,180.068
id_418_value_207_428.jpg,207.428
id_419_value_1227_0.jpg,1227.0
id_423_value_136_858.jpg,136.858
id_424_value_4_502.jpg,4.502
id_425_value_178_484.jpg,178.484
id_426_value_140_51.jpg,140.51
id_427_value_26_262.jpg,26.262
id_428_value_92_319.jpg,92.319
id_430_value_84_425.jpg,84.425
id_431_value_192_972.jpg,192.972
id_433_value_143_818.jpg,143.818
id_434_value_1030_676.jpg,1030.676
id_435_value_2_403.jpg,2.403
id_436_value_48_389.jpg,48.389
id_438_value_293_369.jpg,293.369
id_441_value_250_461.jpg,250.461
id_442_value_35_062.jpg,35.062
id_443_value_649_127.jpg,649.127
id_445_value_701_538.jpg,701.538
id_446_value_271_545.jpg,271.545
id_447_value_749_431.jpg,749.431
id_450_value_529_891.jpg,529.891
id_452_value_571_864.jpg,571.864
id_454_value_945_536.jpg,945.536
id_455_value_210_273.jpg,210.273
id_456_value_124_464.jpg,124.464
id_457_value_11_787.jpg,11.787
id_458_value_1080_933.jpg,1080.933
id_459_value_252_729.jpg,252.729
id_460_value_248_101.jpg,248.101
id_462_value_339_016.jpg,339.016
id_464_value_97_725.jpg,97.725
id_466_value_122_487.jpg,122.487
id_467_value_127_201.jpg,127.201
id_468_value_228_25.jpg,228.25
id_469_value_715_373.jpg,715.373
id_471_value_29_41.jpg,29.41
id_472_value_179_428.jpg,179.428
id_474_value_833_0.jpg,833.0
id_477_value_188_295.jpg,188.295
id_479_value_130_57.jpg,130.57
id_482_value_244_342.jpg,244.342
id_483_value_554_559.jpg,554.559
id_484_value_28_748.jpg,28.748
id_485_value_137_551.jpg,137.551
id_486_value_26_018.jpg,26.018
id_487_value_153_668.jpg,153.668
id_488_value_134_0.jpg,134.0
id_490_value_858_516.jpg,858.516
id_492_value_442_512.jpg,442.512
id_493_value_162_101.jpg,162.101
id_495_value_72_911.jpg,72.911
id_496_value_173_242.jpg,173.242
id_497_value_186_201.jpg,186.201
id_498_value_85_744.jpg,85.744
id_500_value_54_533.jpg,54.533
id_501_value_38_516.jpg,38.516
id_504_value_187_522.jpg,187.522
id_505_value_233_856.jpg,233.856
id_506_value_45_638.jpg,45.638
id_508_value_25_191.jpg,25.191
id_509_value_156_0.jpg,156.0
id_511_value_399_701.jpg,399.701
id_512_value_352_334.jpg,352.334
id_513_value_235_163.jpg,235.163
id_514_value_971_394.jpg,971.394
id_515_value_62_345.jpg,62.345
id_516_value_82_121.jpg,82.121
id_519_value_43_335.jpg,43.335
id_521_value_423_037.jpg,423.037
id_523_value_83_695.jpg,83.695
id_524_value_198_818.jpg,198.818
id_531_value_246_651.jpg,246.651
id_532_value_155_331.jpg,155.331
id_533_value_3_711.jpg,3.711
id_534_value_115_779.jpg,115.779
id_535_value_403_274.jpg,403.274
id_536_value_285_472.jpg,285.472
id_537_value_66_994.jpg,66.994
id_540_value_21_537.jpg,21.537
id_541_value_93_704.jpg,93.704
id_542_value_312_2.jpg,312.2
id_545_value_68_647.jpg,68.647
id_547_value_36_403.jpg,36.403
id_548_value_332_77.jpg,332.77
id_549_value_647_191.jpg,647.191
id_550_value_268_978.jpg,268.978
id_551_value_569_424.jpg,569.424
id_552_value_202_44.jpg,202.44
id_554_value_727_113.jpg,727.113
id_557_value_48_63.jpg,48.63
id_558_value_193_862.jpg,193.862
id_561_value_1131_894.jpg,1131.894
id_562_value_73_816.jpg,73.816
id_564_value_45_726.jpg,45.726
id_565_value_248_164.jpg,248.164
id_566_value_258_0.jpg,258.0
id_567_value_11_117.jpg,11.117
id_569_value_384_176.jpg,384.176
id_570_value_108_594.jpg,108.594
id_572_value_135_291.jpg,135.291
id_573_value_115_182.jpg,115.182
id_575_value_120_633.jpg,120.633
id_576_value_31_707.jpg,31.707
id_577_value_12_455.jpg,12.455
id_579_value_94_189.jpg,94.189
id_580_value_168_358.jpg,168.358
id_581_value_121_602.jpg,121.602
id_582_value_620_666.jpg,620.666
id_584_value_779_907.jpg,779.907
id_586_value_199_502.jpg,199.502
id_587_value_1_747.jpg,1.747
id_589_value_221_024.jpg,221.024
id_590_value_109_56.jpg,109.56
id_591_value_621_277.jpg,621.277
id_592_value_49_927.jpg,49.927
id_595_value_131_007.jpg,131.007
id_596_value_258_307.jpg,258.307
id_598_value_491_324.jpg,491.324
id_600_value_358_581.jpg,358.581
id_601_value_68_014.jpg,68.014
id_602_value_210_099.jpg,210.099
id_603_value_49_467.jpg,49.467
id_604_value_11_566.jpg,11.566
id_605_value_198_938.jpg,198.938
id_607_value_174_648.jpg,174.648
id_608_value_56_995.jpg,56.995
id_610_value_66_854.jpg,66.854
id_611_value_63_756.jpg,63.756
id_612_value_160_437.jpg,160.437
id_613_value_1198_466.jpg,1198.466
id_614_value_218_623.jpg,218.623
id_616_value_130_316.jpg,130.316
id_617_value_429_636.jpg,429.636
id_618_value_1020_93.jpg,1020.93
id_619_value_481_228.jpg,481.228
id_622_value_98_887.jpg,98.887
id_623_value_445_282.jpg,445.282
id_624_value_235_05.jpg,235.05
id_625_value_146_339.jpg,146.339
id_629_value_584_801.jpg,584.801
id_632_value_1369_0.jpg,1369.0
id_633_value_43_701.jpg,43.701
id_634_value_218_209.jpg,218.209
id_635_value_195_465.jpg,195.465
id_636_value_133_864.jpg,133.864
id_637_value_888_224.jpg,888.224
id_638_value_0_87.jpg,0.87
id_639_value_21_222.jpg,21.222
id_641_value_570_149.jpg,570.149
id_642_value_30_073.jpg,30.073
id_644_value_233_386.jpg,233.386
id_645_value_31_559.jpg,31.559
id_646_value_496_183.jpg,496.183
id_648_value_103_644.jpg,103.644
id_649_value_146_443.jpg,146.443
id_651_value_158_661.jpg,158.661
id_653_value_170_282.jpg,170.282
id_654_value_489_464.jpg,489.464
id_657_value_109_499.jpg,109.499
id_658_value_325_663.jpg,325.663
id_662_value_43_837.jpg,43.837
id_664_value_45_2676.jpg,45.2676
id_665_value_298_494.jpg,298.494
id_666_value_742_966.jpg,742.966
id_668_value_676_793.jpg,676.793
id_669_value_271_351.jpg,271.351
id_670_value_2609_185.jpg,2609.185
id_671_value_14_113.jpg,14.113
id_672_value_350_806.jpg,350.806
id_673_value_52_521.jpg,52.521
id_674_value_138_331.jpg,138.331
id_675_value_122_563.jpg,122.563
id_676_value_6_196.jpg,6.196
id_677_value_26_557.jpg,26.557
id_679_value_1016_347.jpg,1016.347
id_680_value_173_645.jpg,173.645
id_683_value_28_967.jpg,28.967
id_684_value_50_338.jpg,50.338
id_685_value_491_265.jpg,491.265
id_686_value_92_258.jpg,92.258
id_687_value_71_007.jpg,71.007
id_688_value_302_18.jpg,302.18
id_689_value_439_16.jpg,439.16
id_691_value_15_774.jpg,15.774
id_692_value_232_731.jpg,232.731
id_693_value_121_66.jpg,121.66
id_694_value_353_497.jpg,353.497
id_695_value_93_701.jpg,93.701
id_696_value_521_557.jpg,521.557
id_697_value_26_101.jpg,26.101
id_698_value_321_442.jpg,321.442
id_703_value_69_269.jpg,69.269
id_705_value_425_98.jpg,425.98
id_706_value_820_135.jpg,820.135
id_708_value_195_1.jpg,195.1
id_709_value_333_944.jpg,333.944
id_710_value_108_928.jpg,108.928
id_711_value_353_917.jpg,353.917
id_713_value_11970_02.jpg,11970.02
id_714_value_29_727.jpg,29.727
id_715_value_105_786.jpg,105.786
id_716_value_70_07.jpg,70.07
id_717_value_241_092.jpg,241.092
id_718_value_142_967.jpg,142.967
id_719_value_514_047.jpg,514.047
id_721_value_134_634.jpg,134.634
id_722_value_145_011.jpg,145.011
id_723_value_67_521.jpg,67.521
id_724_value_331_318.jpg,331.318
id_726_value_114_147.jpg,114.147
id_727_value_492_481.jpg,492.481
id_728_value_391_478.jpg,391.478
id_730_value_588_817.jpg,588.817
id_731_value_231_041.jpg,231.041
id_732_value_105_979.jpg,105.979
id_734_value_11_468.jpg,11.468
id_735_value_4_326.jpg,4.326
id_737_value_119_002.jpg,119.002
id_738_value_60_218.jpg,60.218
id_739_value_79_33.jpg,79.33
id_740_value_274_508.jpg,274.508
id_741_value_132_745.jpg,132.745
id_742_value_328_053.jpg,328.053
id_745_value_120_322.jpg,120.322
id_746_value_163_389.jpg,163.389
id_748_value_80_24.jpg,80.24
id_749_value_88_113.jpg,88.113
id_750_value_137_523.jpg,137.523
id_752_value_842_484.jpg,842.484
id_753_value_109_069.jpg,109.069
id_754_value_49_637.jpg,49.637
id_756_value_20_009.jpg,20.009
id_757_value_8_348.jpg,8.348
id_758_value_105_451.jpg,105.451
id_759_value_213_548.jpg,213.548
id_760_value_688_853.jpg,688.853
id_761_value_161_611.jpg,161.611
id_762_value_785_385.jpg,785.385
id_763_value_169_244.jpg,169.244
id_764_value_39_275.jpg,39.275
id_765_value_88_118.jpg,88.118
id_766_value_532_41.jpg,532.41
id_767_value_497_899.jpg,497.899
id_769_value_116_934.jpg,116.934
id_770_value_738_941.jpg,738.941
id_772_value_76_604.jpg,76.604
id_773_value_377_27.jpg,377.27
id_774_value_237_825.jpg,237.825
id_775_value_41_149.jpg,41.149
id_776_value_845_592.jpg,845.592
id_777_value_43_399.jpg,43.399
id_778_value_263_156.jpg,263.156
id_779_value_8_249.jpg,8.249
id_780_value_164_17.jpg,164.17
id_786_value_66_169.jpg,66.169
id_787_value_109_805.jpg,109.805
id_788_value_28_411.jpg,28.411
id_789_value_347_004.jpg,347.004
id_790_value_6_564.jpg,6.564
id_796_value_322_431.jpg,322.431
id_797_value_281_447.jpg,281.447
id_799_value_22_0.jpg,22.0
id_800_value_340_676.jpg,340.676
id_802_value_10_886.jpg,10.886
id_804_value_33_103.jpg,33.103
id_805_value_251_163.jpg,251.163
id_806_value_674_017.jpg,674.017
id_807_value_149_848.jpg,149.848
id_812_value_121_009.jpg,121.009
id_813_value_132_351.jpg,132.351
id_815_value_253_73.jpg,253.73
id_816_value_545_577.jpg,545.577
id_817_value_513_162.jpg,513.162
id_818_value_525_562.jpg,525.562
id_821_value_79_867.jpg,79.867
id_822_value_142_086.jpg,142.086
id_823_value_797_0.jpg,797.0
id_824_value_338_808.jpg,338.808
id_825_value_57_45.jpg,57.45
id_826_value_16_214.jpg,16.214
id_827_value_173_95.jpg,173.95
id_828_value_173_877.jpg,173.877
id_831_value_98_827.jpg,98.827
id_832_value_276_214.jpg,276.214
id_834_value_265_751.jpg,265.751
id_835_value_6_082.jpg,6.082
id_837_value_55_481.jpg,55.481
id_838_value_134_435.jpg,134.435
id_840_value_50_268.jpg,50.268
id_841_value_167_252.jpg,167.252
id_842_value_401_992.jpg,401.992
id_843_value_198_639.jpg,198.639
id_845_value_281_373.jpg,281.373
id_848_value_214_842.jpg,214.842
id_850_value_434_756.jpg,434.756
id_851_value_305_162.jpg,305.162
id_852_value_106_791.jpg,106.791
id_857_value_64_376.jpg,64.376
id_858_value_124_462.jpg,124.462
id_859_value_238_483.jpg,238.483
id_860_value_2693_0.jpg,2693.0
id_862_value_341_582.jpg,341.582
id_863_value_100_217.jpg,100.217
id_864_value_456_239.jpg,456.239
id_865_value_249_112.jpg,249.112
id_866_value_543_127.jpg,543.127
id_868_value_259_017.jpg,259.017
id_869_value_98_458.jpg,98.458
id_871_value_286_605.jpg,286.605
id_872_value_193_0.jpg,193.0
id_873_value_443_883.jpg,443.883
id_874_value_509_0.jpg,509.0
id_875_value_61_184.jpg,61.184
id_876_value_419_246.jpg,419.246
id_878_value_97_299.jpg,97.299
id_879_value_397_726.jpg,397.726
id_880_value_462_079.jpg,462.079
id_881_value_639_513.jpg,639.513
id_882_value_344_034.jpg,344.034
id_884_value_179_697.jpg,179.697
id_887_value_31_732.jpg,31.732
id_888_value_352_192.jpg,352.192
id_889_value_9_451.jpg,9.451
id_890_value_96_374.jpg,96.374
id_891_value_172_595.jpg,172.595
id_892_value_236_245.jpg,236.245
id_893_value_126_445.jpg,126.445
id_894_value_176_041.jpg,176.041
id_895_value_136_653.jpg,136.653
id_898_value_136_669.jpg,136.669
id_899_value_39_44.jpg,39.44
id_901_value_119_885.jpg,119.885
id_902_value_269_203.jpg,269.203
id_903_value_42_717.jpg,42.717
id_904_value_77_312.jpg,77.312
id_906_value_218_978.jpg,218.978
id_911_value_200_804.jpg,200.804
id_912_value_40_172.jpg,40.172
id_913_value_222_914.jpg,222.914
id_914_value_668_51.jpg,668.51
id_916_value_123_153.jpg,123.153
id_917_value_190_84.jpg,190.84
id_918_value_472_037.jpg,472.037
id_919_value_315_892.jpg,315.892
id_921_value_222_747.jpg,222.747
id_922_value_265_054.jpg,265.054
id_926_value_203_154.jpg,203.154
id_927_value_165_143.jpg,165.143
id_928_value_377_625.jpg,377.625
id_929_value_85_4.jpg,85.4
id_930_value_19_846.jpg,19.846
id_931_value_295_293.jpg,295.293
id_932_value_19_125.jpg,19.125
id_934_value_231_52.jpg,231.52
id_935_value_50_409.jpg,50.409
id_936_value_555_854.jpg,555.854
id_937_value_3_329.jpg,3.329
id_938_value_136_897.jpg,136.897
id_940_value_137_423.jpg,137.423
id_941_value_37_11.jpg,37.11
id_942_value_282_302.jpg,282.302
id_943_value_99_677.jpg,99.677
id_945_value_49_46.jpg,49.46
id_946_value_809_0.jpg,809.0
id_947_value_877_895.jpg,877.895
id_948_value_349_795.jpg,349.795
id_949_value_272_153.jpg,272.153
id_950_value_613_378.jpg,613.378
id_951_value_514_042.jpg,514.042
id_952_value_493_437.jpg,493.437
id_953_value_66_584.jpg,66.584
id_954_value_10_242.jpg,10.242
id_955_value_252_025.jpg,252.025
id_956_value_252_324.jpg,252.324
id_957_value_215_961.jpg,215.961
id_960_value_606_357.jpg,606.357
id_961_value_78_021.jpg,78.021
id_962_value_69_373.jpg,69.373
id_963_value_242_778.jpg,242.778
id_965_value_10_666.jpg,10.666
id_967_value_588_276.jpg,588.276
id_968_value_158_106.jpg,158.106
id_969_value_288_838.jpg,288.838
id_970_value_437_807.jpg,437.807
id_971_value_189_213.jpg,189.213
id_973_value_951_333.jpg,951.333
id_974_value_716_262.jpg,716.262
id_975_value_452_487.jpg,452.487
id_976_value_315_461.jpg,315.461
id_977_value_396_876.jpg,396.876
id_979_value_145_98.jpg,145.98
id_980_value_31_618.jpg,31.618
id_981_value_363_805.jpg,363.805
id_983_value_174_397.jpg,174.397
id_985_value_108_331.jpg,108.331
id_986_value_748_0.jpg,748.0
id_987_value_162_075.jpg,162.075
id_988_value_108_494.jpg,108.494
id_989_value_37_391.jpg,37.391
id_991_value_13_852.jpg,13.852
id_993_value_53_018.jpg,53.018
id_994_value_95_212.jpg,95.212
id_995_value_434_169.jpg,434.169
id_996_value_19_0.jpg,19.0
id_998_value_255_344.jpg,255.344
id_1004_value_37_176.jpg,37.176
id_1005_value_273_47.jpg,273.47
id_1007_value_60_219.jpg,60.219
id_1008_value_95_912.jpg,95.912